File,Yake,TextRank,SingleRank,TopicRank,PositionRank,MultipartiteRank
Business Proposal.md,"['social media marketing', 'media marketing services', 'social media', 'strong', 'media marketing', 'business proposal', 'social media platforms', 'marketing services', 'marketing services tailored', 'media']","['visual content', '# # # company', 'influencer collaboration campaign', 'content', 'influencer collaboration services', 'influencer collaboration services</strong>\\r\\n\\r\\n', 'media marketing services', 'media marketing services</strong>\\r\\n\\r\\n', 'influencer marketing', '# # # #']","['comprehensive social media marketing services', 'social media marketing services', 'social media marketing services</strong>\\r\\n\\r\\n', 'influencer collaboration services', 'strong', 'social media strategy', 'social media platforms', 'influencer collaboration services</strong>\\r\\n\\r\\n', 'influencer marketing collaborations', 'influencer collaboration campaign']","['strong', 'visual content', 'brand presence', 'influencer collaboration services', 'comprehensive social media marketing services', 'engagement', 'influencers', 'services', 'business proposal', 'team']","['# company name', 'social media strategy', 'social media platforms', 'social media', 'influencer collaboration services', '# category', 'influencer collaboration services</strong>\\r\\n\\r\\n', 'influencer marketing collaborations', 'strategic content creation', 'specialized content creation']","['strong', 'brand presence', 'engagement', 'visual content', 'comprehensive social media marketing services', 'influencer collaboration services', 'influencers', 'brands', 'team', 'services']"
Marketing Plan.md,"['social media marketing', 'media marketing trends', 'media marketing campaigns', 'influencer marketing trends', 'media marketing strategies', 'content marketing trends', 'leveraging influencer content', 'marketing strategies based', 'utilize influencer collaborations', 'regular performance tracking']","['marketing objectives:</strong>\\r\\n- increase brand', 'influencer content', 'media marketing services</strong>\\r\\n\\r\\n <', 'content marketing', 'performance metrics:</strong>\\r\\n- key performance', '# # # # <', 'influencer collaboration services</strong>\\r\\n\\r\\n <', 'influencer marketing', 'media marketing campaigns', 'business document\\r\\n # # # document']","['current social media marketing trends', 'social media marketing campaigns', 'social media marketing services</strong>\\r\\n\\r\\n', 'social media marketing services.\\r\\n\\r\\n', 'social media marketing strategies', 'marketing objectives:</strong>\\r\\n- establish authentic brand partnerships', 'content marketing trends', 'marketing objectives:</strong>\\r\\n- increase brand awareness', 'social media campaigns.\\r\\n- drive customer engagement', 'client businesses.\\r\\n\\r\\n < strong']","['strong', 'relevant influencers', 'brand advocacy', 'marketing plan', 'compelling content', 'potential clients', 'engagement rates', 'advertising campaigns', 'analysis', 'current social media marketing trends']","['# company name', '# document title', 'content marketing trends', 'influencer marketing trends', '# category', 'social media platforms.\\r\\n\\r\\n', 'social media platforms.\\r\\n-', 'marketing plan', 'marketing plan\\r\\n\\r\\n---\\r\\n\\r\\n', 'influencer content']","['strong', 'relevant influencers', 'marketing plan', 'brand advocacy', 'compelling content', 'key target industries', 'influencer', 'potential clients', 'current social media marketing trends', 'advertising campaigns']"
Progress Report.md,"['direct messaging update', 'explore algorithm enhancement', 'analyze user behavior', 'develop content guidelines', 'user feedback analysis', 'user adoption rate', 'implement new features', 'enhanced encryption features', 'added new interactive', 'conduct bug fixes']","['| user feedback', '| user adoption', '| content moderation', 'recommendations | data', 'progress |', 'feedback |', 'metrics |', '| financial', '|', 'instagram progress report\\r\\n\\r\\n| project']","['video duration limit | content moderation policies | develop content guidelines', '| resource allocation | financial updates', 'new interactive elements | user feedback', '| user feedback analysis', '|\\r\\n| explore algorithm enhancement |', '|\\r\\n| direct messaging update |', 'personalized recommendations | data analysis', '| analyze user behavior', '| user adoption rate', 'progress | performance improvements']","['developers', 'designers', 'hold', 'encryption', 'security team', 'layout', 'feed redesign', 'data analysts']","['progress |', '| integration issues', 'moderation tools |', '| status', 'feedback |', '| achievements', 'engagement metrics |', '| action', 'solutions |', '| collaborate']","['developers', 'designers', 'hold', 'encryption', 'security team', 'layout', 'feed redesign', 'data analysts']"
About Instagram.md,"['instagram', 'strong', 'users', 'platform', 'community', 'mike krieger', 'kevin systrom', 'features', 'stories', 'features like stories']","['visual content', 'social media platform', 'user experience', 'community', 'achievements include:\\r\\n\\r\\n-', 'values include:\\r\\n\\r\\n-', 'campaigns\\r\\n\\r\\n <', 'user-friendly experience', 'social media', 'focus</strong>\\r\\n\\r\\nour users']","['advocacy campaigns\\r\\n\\r\\n < strong', 'instagram community today', 'popular social media platform', 'instagram\\r\\n\\r\\n < strong', 'customer focus</strong>\\r\\n\\r\\nour users', 'active users', 'strong', 'users', 'inspiring platform', 'vibrant community']","['users', 'instagram', 'platform', 'features', 'strong', 'vibrant community', 'stories', 'individuals', 'user feedback', 'igtv']","['instagram community today', 'social media platform\\x97it', 'social media', 'customer focus</strong>\\r\\n\\r\\nour users', 'instagram\\r\\n\\r\\n <', 'active users', 'inspiring platform', 'users', 'advocacy campaigns\\r\\n\\r\\n <', 'platform']","['users', 'instagram', 'platform', 'features', 'strong', 'vibrant community', 'stories', 'individuals', 'user feedback', 'authenticity']"
Board of Directors.md,"['instagram', 'board', 'chief marketing officer', 'highly experienced professionals', 'chief executive officer', 'chief financial officer', 'instagram consists', 'directors', 'chief marketing', 'marketing officer']","['brand awareness.\\r\\n\\r\\n # # contributions', 'chief financial officer', '# # board', 'chief marketing officer', '# board', 'financial expertise', 'social media platforms', 'financial', 'content moderation', '# #']","['# board composition\\r\\n\\r\\nthe board', 'popular social media platforms globally.\\r\\n\\r\\nthe board', '# board', 'chief marketing officer <', 'instagram', 'chief financial officer', 'chief marketing officer', 'achievements\\r\\n\\r\\nthe board', 'board members', 'directors\\r\\n\\r\\nthe board']","['instagram', 'board members', 'directors', 'strong', 'strategic guidance', 'success', 'financial planning', 'growth', 'pivotal role', 'company']","['# board', 'directors\\r\\n\\r\\nthe board', 'board members', 'achievements\\r\\n\\r\\nthe board', 'board', 'instagram', 'chief financial officer', 'chief marketing officer', '# contributions', '# contact']","['instagram', 'board members', 'directors', 'company', 'strong', 'success', 'growth', 'strategic guidance', 'chief executive officer', 'board']"
"Diversity, Equity, and Inclusion.md","['diverse', 'strong', 'equity', 'dei', 'instagram', 'diversity', 'inclusive', 'culture', 'actively', 'employee resource']","['diverse content', 'diverse candidate', 'diverse user', 'diverse', 'unbiased hiring processes', 'ongoing training', 'dei efforts.\\r\\n\\r\\n3', 'systemic racism', 'unconscious bias', 'share experiences']","['< strong', 'diverse content creators', 'diverse candidate pools', 'diverse user base', 'diverse perspectives', 'diverse content:</strong', 'diverse hiring:</strong', 'diverse workforce:</strong', 'diverse workforce', 'strong']","['inclusive workplace', 'diverse', 'committed', 'equity', 'broader community', 'strong', 'employees', 'dei', 'culture', 'users']","['# diversity', 'diverse content creators', 'diverse candidate pools', 'diverse perspectives', 'diverse user base', 'diverse content:</strong', 'diversity', 'diverse hiring:</strong', 'diverse workforce:</strong', 'equity']","['inclusive workplace', 'diverse', 'equity', 'committed', 'inclusion', 'broader community', 'employees', 'dei', 'strong', 'culture']"
Shareholders.md,"['instagram', 'facebook', 'page provides information', 'page provides', 'company', 'major', 'ownership', 'strong', 'shareholders', 'provides information']","['# # major', '# # ownership', '# # shareholdings\\r\\n\\r\\nthe exact', 'significant ownership', 'major shareholders', 'technology company', '# shareholders\\r\\n\\r\\nthis', 'parent company', 'major', 'financial']","['# major shareholders\\r\\n\\r\\nthe major shareholders', 'global technology company', 'instagram', '# ownership structure\\r\\n\\r\\ninstagram', 'significant ownership stake', '# shareholdings\\r\\n\\r\\nthe exact shareholdings', 'parent company', 'facebook inc.', 'private company', '# shareholders\\r\\n\\r\\nthis page']","['instagram', 'private company', 'individuals', 'entities', 'shares', 'shareholders', 'strong', 'support', 'significant ownership stake', 'success']","['# ownership structure\\r\\n\\r\\ninstagram', '# shareholders\\r\\n\\r\\nthis page', 'major shareholders', 'instagram', 'significant ownership stake', '# shareholdings\\r\\n\\r\\nthe', 'global technology company', 'parent company', 'facebook inc.', 'individual shareholders']","['instagram', 'private company', 'entities', 'individuals', 'shares', 'company', 'shareholders', 'ownership structure', 'information', 'support']"
Balance Sheet.md,"['non-current assets', 'current assets', 'total assets', 'intangible assets', 'non-current liabilities', 'total liabilities', 'accounts payable', 'short-term loans', 'long-term loans', 'bonds payable']","['|\\r\\n| non-current assets |', '|\\r\\n| non-current liabilities |', '|\\r\\n| current assets', '|\\r\\n| total assets', '|\\r\\n| total liabilities', '|\\r\\n| liabilities', '|\\r\\n| current', '|\\r\\n|', 'assets', '|']","['|\\r\\n| non-current assets |', '|\\r\\n| non-current liabilities |', '|\\r\\n| total assets', '|\\r\\n| current assets', '|\\r\\n| total liabilities', '|\\r\\n| short-term loans', '|\\r\\n| current liabilities|', '|\\r\\n| liabilities', '|\\r\\n| bonds payable', '|\\r\\n| retained earnings']","['december', 'strong', 'category', 'intangible assets', 'plant', 'payable', 'long-term loans', 'shareholders']","['|\\r\\n| current assets', '|\\r\\n| total assets', '|\\r\\n| total liabilities', '| amount', '|\\r\\n| current liabilities|', '|\\r\\n| short-term loans', '|\\r\\n| liabilities', '|\\r\\n| bonds payable', 'equipment |', '|\\r\\n| prepaid expenses']","['december', 'strong', 'category', 'intangible assets', 'plant', 'payable', 'long-term loans', 'shareholders']"
Income Statement.md,"['operating income', 'income taxes', 'net income', 'operating expenses', 'goods sold', 'gross profit', 'non-operating items', 'income', 'operating', 'taxes']","['|\\r\\n| operating income', '|\\r\\n| income', '|\\r\\n| operating', 'income', '|\\r\\n|', 'items |', 'company name:</strong', '|', '<', 'xyz']","['|\\r\\n| non-operating items |', '|\\r\\n| operating income', '|\\r\\n| income taxes', '|\\r\\n| net income', '# income statement\\r\\n\\r\\n < strong', '|\\r\\n| income', '|\\r\\n| operating expenses', '|\\r\\n| gross profit', '| amount', '|\\r\\n| cost']","['december', 'category', 'strong', 'goods', 'taxes']","['|\\r\\n| operating income', '|\\r\\n| income taxes', '|\\r\\n| net income', '|\\r\\n| income', '|\\r\\n| operating expenses', '|\\r\\n| gross profit', '| amount', '|\\r\\n| cost', '|', 'xyz corporation\\r\\n\\r\\n']","['december', 'category', 'strong', 'goods', 'taxes']"
Tax Return.md,"['employment income', 'investment income', 'taxable income', 'total income', 'tax rate', 'tax owed', 'tax refund', 'business expenses', 'medical expenses', 'total deductions']","['|\\r\\n| tax', '|\\r\\n| total', '|\\r\\n|', 'total income', 'tax', '| amount', 'year ended:</strong', 'income', '<', '|']","['|\\r\\n| employment income', '|\\r\\n| taxable income', '|\\r\\n| investment income', '|\\r\\n| other income', '|\\r\\n| tax owed', '|\\r\\n| tax rate', '|\\r\\n| tax refund', '|\\r\\n| total deductions', '|\\r\\n| medical expenses', '|\\r\\n| business expenses']","['category', 'december']","['|\\r\\n| tax owed', '|\\r\\n| tax rate', '|\\r\\n| employment income', '|\\r\\n| investment income', '|\\r\\n| taxable income', '|\\r\\n| other income', '|\\r\\n| tax refund', '|\\r\\n| total deductions', '|\\r\\n| medical expenses', '|\\r\\n| business expenses']","['december', 'category']"
Employee Handbook.md,"['employee', 'table', 'company', 'employee handbook', 'harassment', 'attendance', 'handbook', 'mission', 'information', 'performance management']","['contact information\\r\\n\\r\\n # #', '# # company', '# employee', '# # #', 'employee performance', 'performance management processes\\r\\nperformance', 'company information', 'hr email', 'company policies', 'employee']","['# employee handbook\\r\\n\\r\\n', '# company name', 'employee performance', 'company information', 'performance management processes\\r\\nperformance evaluations', 'employee handbook', 'company policies', 'performance management processes\\r\\n7', 'employee benefits\\r\\n8', 'employee benefits\\r\\ninstagram']","['employees', 'time', 'company policies', 'benefits', 'mission', 'company information', 'discrimination', 'harassment', 'work environment free', 'employee handbook']","['# employee handbook\\r\\n\\r\\n', '# company name', '# table', 'employee performance', '#', 'employee handbook', 'company information', 'company policies', 'employee benefits\\r\\ninstagram', 'employee']","['employees', 'time', 'company policies', 'mission', 'company information', 'benefits', 'discrimination', 'harassment', 'employee handbook', 'work environment free']"
employee_contract_Ava Thomas.md,"['providing administrative support', 'ava thomas', 'intellectual property', 'providing administrative', 'hereinafter referred', 'strong', 'health insurance', 'administrative support', 'employment contract', 'contract outlines']","['# # employee information:\\r\\n- <', '# #', '# employment', '<', 'confidentiality agreement:</strong', 'termination conditions:</strong', 'work hours:</strong', 'health insurance', 'employment', 'property']","['# employee information:\\r\\n- < strong', 'company-owned\\r\\n- < strong', 'team.\\r\\n- < strong', 'strong', ""b'\\r\\n # employment contract\\r\\n\\r\\n"", '# terms', 'intellectual property rights:</strong', 'employment contract', 'employee', 'ava thomas\\r\\n-']","['strong', 'employee', 'employer', 'employment contract', 'hereinafter', 'october', 'terms', 'compliance', 'conditions', 'ava thomas']","['# terms', 'employee', 'employment contract', 'company-owned\\r\\n- <', 'team.\\r\\n- <', 'ava thomas\\r\\n-', 'employment', 'administrative assistant\\r\\n-', 'intellectual property rights:</strong', 'administrative support']","['strong', 'employee', 'employer', 'employment contract', 'hereinafter', 'compliance', 'october', 'terms', 'conditions', 'instagram']"
employee_contract_David Lee.md,"['david lee', 'intellectual property', 'hereinafter referred', 'strong', 'health insurance', 'interpreting data', 'employment contract', 'employee', 'contract outlines', 'start date']","['# # employee information:\\r\\n- <', '# #', '# employment', '<', 'confidentiality agreement:</strong', 'termination conditions:</strong', 'work hours:</strong', 'health insurance', 'employment', 'property']","['# employee information:\\r\\n- < strong', 'company-owned\\r\\n- < strong', 'insights.\\r\\n- < strong', 'strong', ""b'\\r\\n # employment contract\\r\\n\\r\\n"", '# terms', 'intellectual property rights:</strong', 'employment contract', 'employee', 'data analyst\\r\\n-']","['strong', 'employee', 'employer', 'hereinafter', 'employment contract', 'terms', 'compliance', 'conditions', 'david lee', 'retirement']","['# terms', 'employee', 'employment contract', 'company-owned\\r\\n- <', 'insights.\\r\\n- <', 'data analyst\\r\\n-', 'data analytics\\r\\n\\r\\n', 'david lee\\r\\n-', 'employment', 'intellectual property rights:</strong']","['strong', 'employee', 'employer', 'hereinafter', 'employment contract', 'compliance', 'terms', 'conditions', 'instagram', 'david lee']"
employee_contract_Emily Brown.md,"['designing user interfaces', 'emily brown', 'intellectual property', 'hereinafter referred', 'strong', 'designing user', 'health insurance', 'employment contract', 'contract outlines', 'employee']","['# # employee information:\\r\\n- <', '# #', '# employment', 'ux designer\\r\\n- <', 'work hours:</strong', 'health insurance', 'user interfaces', '<', 'employment', 'property']","['# employee information:\\r\\n- < strong', 'company-owned\\r\\n- < strong', 'strong', ""b'\\r\\n # employment contract\\r\\n\\r\\n"", '# terms', 'intellectual property rights:</strong', 'employment contract', 'employee', 'emily brown\\r\\n-', 'emily brown']","['strong', 'employee', 'employer', 'employment contract', 'hereinafter', 'april', 'terms', 'compliance', 'conditions', 'emily brown']","['# terms', 'employee', 'employment contract', 'company-owned\\r\\n- <', 'emily brown\\r\\n-', 'employment', 'intellectual property rights:</strong', 'emily brown', 'ux designer\\r\\n-', 'terms']","['strong', 'employee', 'employer', 'employment contract', 'hereinafter', 'compliance', 'april', 'terms', 'conditions', 'instagram']"
employee_contract_Ethan Rodriguez.md,"['ethan rodriguez', 'intellectual property', 'hereinafter referred', 'strong', 'health insurance', 'employment contract', 'contract outlines', 'employee', 'start date', 'terms set forth']","['# # employee information:\\r\\n- <', '# #', '# employment', '<', 'confidentiality agreement:</strong', 'termination conditions:</strong', 'work hours:</strong', 'health insurance', 'employment', 'property']","['# employee information:\\r\\n- < strong', 'company-owned\\r\\n- < strong', 'premises.\\r\\n- < strong', 'strong', ""b'\\r\\n # employment contract\\r\\n\\r\\n"", '# terms', 'intellectual property rights:</strong', 'employment contract', 'employee', 'ethan rodriguez\\r\\n-']","['strong', 'employee', 'employer', 'employment contract', 'hereinafter', 'december', 'terms', 'compliance', 'security', 'conditions']","['# terms', 'employee', 'company-owned\\r\\n- <', 'employment contract', 'premises.\\r\\n- <', 'ethan rodriguez\\r\\n-', 'employment', 'intellectual property rights:</strong', 'ethan rodriguez', 'security']","['strong', 'employee', 'employer', 'employment contract', 'hereinafter', 'compliance', 'december', 'terms', 'security', 'conditions']"
employee_contract_Eva Kim.md,"['eva kim', 'intellectual property', 'hereinafter referred', 'strong', 'health insurance', 'employment contract', 'contract outlines', 'employee', 'moderating user-generated', 'start date']","['# # employee information:\\r\\n- <', '# #', 'user-generated content.\\r\\n- <', '# employment', 'termination conditions:</strong', 'work hours:</strong', 'health insurance', '<', 'employment', 'employee']","['# employee information:\\r\\n- < strong', 'company-owned\\r\\n- < strong', 'strong', ""b'\\r\\n # employment contract\\r\\n\\r\\n"", 'employee name:</strong', '# terms', 'intellectual property rights:</strong', 'employee', 'employment contract', 'eva kim\\r\\n-']","['strong', 'employer', 'employee', 'employment contract', 'hereinafter', 'june', 'terms', 'compliance', 'conditions', 'eva kim']","['employee name:</strong', '# terms', 'employee', 'employment contract', 'company-owned\\r\\n- <', 'eva kim\\r\\n-', 'content moderator\\r\\n-', 'employment', 'content moderation\\r\\n\\r\\n', 'intellectual property rights:</strong']","['strong', 'employer', 'employee', 'employment contract', 'hereinafter', 'compliance', 'june', 'terms', 'conditions', 'instagram']"
employee_contract_Jane Smith.md,"['jane smith', 'intellectual property', 'hereinafter referred', 'strong', 'health insurance', 'executing marketing', 'employment contract', 'contract outlines', 'employee', 'start date']","['# # employee information:\\r\\n- <', 'marketing campaigns.\\r\\n- <', '# #', '# employment', '<', 'termination conditions:</strong', 'work hours:</strong', 'health insurance', 'employment', 'property']","['# employee information:\\r\\n- < strong', 'marketing campaigns.\\r\\n- < strong', 'company-owned\\r\\n- < strong', 'strong', ""b'\\r\\n # employment contract\\r\\n\\r\\n"", '# terms', 'intellectual property rights:</strong', 'employment contract', 'employee', 'jane smith\\r\\n-']","['strong', 'employee', 'employer', 'employment contract', 'hereinafter', 'february', 'terms', 'compliance', 'conditions', 'jane smith']","['# terms', 'marketing campaigns.\\r\\n- <', 'employee', 'company-owned\\r\\n- <', 'employment contract', 'jane smith\\r\\n-', 'employment', 'intellectual property rights:</strong', 'marketing specialist\\r\\n-', 'jane smith']","['strong', 'employee', 'employer', 'employment contract', 'hereinafter', 'february', 'compliance', 'terms', 'conditions', 'instagram']"
employee_contract_John Doe.md,"['john doe', 'intellectual property', 'hereinafter referred', 'strong', 'health insurance', 'maintaining software', 'employment contract', 'contract outlines', 'employee', 'start date']","['# # employee information:\\r\\n- <', 'software applications.\\r\\n- <', '# #', '# employment', '<', 'termination conditions:</strong', 'work hours:</strong', 'health insurance', 'employment', 'property']","['# employee information:\\r\\n- < strong', 'software applications.\\r\\n- < strong', 'company-owned\\r\\n- < strong', 'strong', ""b'\\r\\n # employment contract\\r\\n\\r\\n"", '# terms', 'intellectual property rights:</strong', 'employment contract', 'employee', 'john doe\\r\\n-']","['strong', 'employee', 'employer', 'employment contract', 'hereinafter', 'january', 'terms', 'compliance', 'conditions', 'john doe']","['# terms', 'software applications.\\r\\n- <', 'employee', 'company-owned\\r\\n- <', 'employment contract', 'john doe\\r\\n-', 'employment', 'intellectual property rights:</strong', 'software engineer\\r\\n-', 'john doe']","['strong', 'employee', 'employer', 'employment contract', 'hereinafter', 'january', 'compliance', 'terms', 'conditions', 'instagram']"
employee_contract_Leo Kim.md,"['leo kim', 'intellectual property', 'hereinafter referred', 'strong', 'health insurance', 'interpreting data', 'employment contract', 'contract outlines', 'employee', 'start date']","['data science\\r\\n\\r\\n # #', '# #', '# employment', 'information:\\r\\n- <', '<', 'confidentiality agreement:</strong', 'termination conditions:</strong', 'work hours:</strong', 'health insurance', 'employment']","['# employee information:\\r\\n- < strong', 'company-owned\\r\\n- < strong', 'insights.\\r\\n- < strong', 'data science\\r\\n\\r\\n # # terms', 'strong', ""b'\\r\\n # employment contract\\r\\n\\r\\n"", 'intellectual property rights:</strong', 'employment contract', 'employee', 'data scientist\\r\\n-']","['strong', 'employee', 'employer', 'employment contract', 'hereinafter', 'april', 'terms', 'compliance', 'conditions', 'leo kim']","['employee', 'employment contract', 'company-owned\\r\\n- <', 'data scientist\\r\\n-', 'insights.\\r\\n- <', 'leo kim\\r\\n-', 'employment', 'intellectual property rights:</strong', 'data', 'leo kim']","['strong', 'employee', 'employer', 'employment contract', 'hereinafter', 'compliance', 'april', 'terms', 'conditions', 'instagram']"
employee_contract_Liam Kim.md,"['liam kim', 'intellectual property', 'hereinafter referred', 'strong', 'maintaining data', 'health insurance', 'employment contract', 'contract outlines', 'employee', 'start date']","['# # employee information:\\r\\n- <', '# #', '# employment', 'data engineer\\r\\n- <', 'termination conditions:</strong', 'work hours:</strong', 'health insurance', '<', 'employment', 'property']","['# employee information:\\r\\n- < strong', 'company-owned\\r\\n- < strong', 'strong', ""b'\\r\\n # employment contract\\r\\n\\r\\n"", '# terms', 'intellectual property rights:</strong', 'employment contract', 'employee', 'liam kim\\r\\n-', 'data engineer\\r\\n-']","['strong', 'employee', 'employer', 'employment contract', 'hereinafter', 'august', 'terms', 'compliance', 'data', 'conditions']","['# terms', 'employee', 'employment contract', 'company-owned\\r\\n- <', 'liam kim\\r\\n-', 'data engineer\\r\\n-', 'employment', 'intellectual property rights:</strong', 'liam kim', 'data']","['strong', 'employee', 'employer', 'employment contract', 'hereinafter', 'compliance', 'august', 'terms', 'data', 'conditions']"
employee_contract_Lucas Martinez.md,"['lucas martinez', 'intellectual property', 'quality assurance', 'hereinafter referred', 'strong', 'health insurance', 'employment contract', 'contract outlines', 'employee', 'start date']","['quality assurance specialist\\r\\n- <', '# # employee', 'lucas martinez\\r\\n- <', '# #', '# employment', '<', 'termination conditions:</strong', 'work hours:</strong', 'health insurance', 'employment']","['# employee information:\\r\\n- < strong', 'quality assurance specialist\\r\\n- < strong', 'lucas martinez\\r\\n- < strong', 'company-owned\\r\\n- < strong', 'strong', ""b'\\r\\n # employment contract\\r\\n\\r\\n"", 'employee name:</strong', '# terms', 'intellectual property rights:</strong', 'employee']","['strong', 'employer', 'employee', 'employment contract', 'hereinafter', 'february', 'terms', 'compliance', 'conditions', 'lucas martinez']","['lucas martinez\\r\\n- <', 'company-owned\\r\\n- <', 'employee name:</strong', '# terms', 'employee', 'employment contract', 'quality assurance\\r\\n\\r\\n', 'employment', 'quality', 'intellectual property rights:</strong']","['strong', 'employer', 'employee', 'employment contract', 'hereinafter', 'compliance', 'february', 'terms', 'conditions', 'instagram']"
employee_contract_Luna Nguyen.md,"['luna nguyen', 'intellectual property', 'hereinafter referred', 'strong', 'producing engaging', 'health insurance', 'creative content', 'employment contract', 'contract outlines', 'employee']","['# # employee', 'luna nguyen\\r\\n- <', '# #', '# employment', '<', 'confidentiality agreement:</strong', 'termination conditions:</strong', 'work hours:</strong', 'health insurance', 'content']","['# employee information:\\r\\n- < strong', 'luna nguyen\\r\\n- < strong', 'company-owned\\r\\n- < strong', 'company.\\r\\n- < strong', 'strong', ""b'\\r\\n # employment contract\\r\\n\\r\\n"", '# terms', 'intellectual property rights:</strong', 'employment contract', 'employee']","['strong', 'employee', 'employer', 'employment contract', 'hereinafter', 'march', 'terms', 'compliance', 'conditions', 'luna nguyen']","['luna nguyen\\r\\n- <', '# terms', 'company-owned\\r\\n- <', 'company.\\r\\n- <', 'employee', 'employment contract', 'content creator\\r\\n-', 'content creation\\r\\n\\r\\n', 'creative content', 'employment']","['strong', 'employee', 'employer', 'employment contract', 'hereinafter', 'compliance', 'march', 'terms', 'conditions', 'instagram']"
employee_contract_Max Nguyen.md,"['max nguyen', 'intellectual property', 'hereinafter referred', 'strong', 'health insurance', 'maintaining software', 'employment contract', 'contract outlines', 'employee', 'start date']","['# #', '# employment', '<', 'company policies:</strong', 'confidentiality agreement:</strong', 'termination conditions:</strong', 'work hours:</strong', 'health insurance', 'employment', 'property']","['# employee information:\\r\\n- < strong', 'max nguyen\\r\\n- < strong', 'software developer\\r\\n- < strong', 'software applications.\\r\\n- < strong', 'company-owned\\r\\n- < strong', 'strong', ""b'\\r\\n # employment contract\\r\\n\\r\\n"", '# terms', 'intellectual property rights:</strong', 'employment contract']","['employee', 'employer', 'strong', 'employment contract', 'hereinafter', 'july', 'terms', 'compliance', 'conditions', 'max nguyen']","['max nguyen\\r\\n- <', 'software developer\\r\\n- <', 'software applications.\\r\\n- <', 'company-owned\\r\\n- <', '# terms', 'employee', 'employment contract', 'employment', 'intellectual property rights:</strong', 'max nguyen']","['employer', 'employee', 'strong', 'employment contract', 'hereinafter', 'july', 'compliance', 'terms', 'conditions', 'instagram']"
employee_contract_Mia Hernandez.md,"['public relations', 'mia hernandez', 'intellectual property', 'hereinafter referred', 'strong', 'health insurance', 'employment contract', 'contract outlines', 'employee', 'start date']","['# # employee information:\\r\\n- <', '# #', '# employment', 'confidentiality agreement:</strong', 'termination conditions:</strong', 'work hours:</strong', 'health insurance', '<', 'employment', 'employee']","['# employee information:\\r\\n- < strong', 'company-owned\\r\\n- < strong', 'strong', ""b'\\r\\n # employment contract\\r\\n\\r\\n"", 'employee name:</strong', 'public relations manager\\r\\n-', '# terms', 'intellectual property rights:</strong', 'employee', 'employment contract']","['strong', 'employer', 'employee', 'employment contract', 'hereinafter', 'january', 'terms', 'compliance', 'conditions', 'mia hernandez']","['employee name:</strong', '# terms', 'public relations manager\\r\\n-', 'employee', 'employment contract', 'public relations', 'company-owned\\r\\n- <', 'mia hernandez\\r\\n-', 'employment', 'intellectual property rights:</strong']","['strong', 'employer', 'employee', 'employment contract', 'hereinafter', 'compliance', 'january', 'terms', 'conditions', 'public']"
employee_contract_Michael Johnson.md,"['leading product development', 'michael johnson', 'leading product', 'intellectual property', 'hereinafter referred', 'strong', 'product development', 'health insurance', 'employment contract', 'contract outlines']","['# # employee information:\\r\\n- <', '# #', '# employment', 'confidentiality agreement:</strong', 'termination conditions:</strong', 'work hours:</strong', 'health insurance', 'product', '<', 'employment']","['# employee information:\\r\\n- < strong', 'company-owned\\r\\n- < strong', 'strong', ""b'\\r\\n # employment contract\\r\\n\\r\\n"", '# terms', 'intellectual property rights:</strong', 'employment contract', 'employee', 'product manager\\r\\n-', 'product management\\r\\n\\r\\n']","['strong', 'employee', 'employer', 'employment contract', 'hereinafter', 'march', 'terms', 'compliance', 'conditions', 'michael johnson']","['# terms', 'employee', 'employment contract', 'product manager\\r\\n-', 'company-owned\\r\\n- <', 'product management\\r\\n\\r\\n', 'michael johnson\\r\\n-', 'employment', 'product development', 'intellectual property rights:</strong']","['strong', 'employee', 'employer', 'employment contract', 'hereinafter', 'compliance', 'march', 'terms', 'conditions', 'instagram']"
employee_contract_Mila Lee.md,"['designing user interfaces', 'mila lee', 'intellectual property', 'hereinafter referred', 'strong', 'designing user', 'health insurance', 'employment contract', 'contract outlines', 'employee']","['# # employee information:\\r\\n- <', '# #', '# employment', 'product designer\\r\\n- <', 'work hours:</strong', 'health insurance', 'user interfaces', '<', 'employment', 'property']","['# employee information:\\r\\n- < strong', 'company-owned\\r\\n- < strong', 'strong', ""b'\\r\\n # employment contract\\r\\n\\r\\n"", '# terms', 'intellectual property rights:</strong', 'employment contract', 'employee', 'mila lee\\r\\n-', 'mila lee']","['strong', 'employee', 'employer', 'employment contract', 'hereinafter', 'september', 'terms', 'compliance', 'conditions', 'mila lee']","['# terms', 'employee', 'employment contract', 'company-owned\\r\\n- <', 'mila lee\\r\\n-', 'employment', 'intellectual property rights:</strong', 'mila lee', 'product designer\\r\\n-', 'terms']","['strong', 'employee', 'employer', 'employment contract', 'hereinafter', 'compliance', 'september', 'terms', 'conditions', 'instagram']"
employee_contract_Olivia Taylor.md,"['leading sales strategy', 'olivia taylor', 'intellectual property', 'leading sales', 'hereinafter referred', 'strong', 'health insurance', 'sales strategy', 'employment contract', 'contract outlines']","['# # employee information:\\r\\n- <', '# #', '# employment', '<', 'termination conditions:</strong', 'work hours:</strong', 'health insurance', 'employment', 'property', 'sales']","['# employee information:\\r\\n- < strong', 'company-owned\\r\\n- < strong', 'operations.\\r\\n- < strong', 'strong', ""b'\\r\\n # employment contract\\r\\n\\r\\n"", '# terms', 'intellectual property rights:</strong', 'employment contract', 'employee', 'olivia taylor\\r\\n-']","['strong', 'employee', 'employer', 'employment contract', 'hereinafter', 'august', 'terms', 'compliance', 'conditions', 'olivia taylor']","['# terms', 'employee', 'company-owned\\r\\n- <', 'employment contract', 'operations.\\r\\n- <', 'olivia taylor\\r\\n-', 'employment', 'sales manager\\r\\n-', 'intellectual property rights:</strong', 'sales strategy']","['strong', 'employee', 'employer', 'employment contract', 'hereinafter', 'compliance', 'august', 'terms', 'conditions', 'instagram']"
employee_contract_Robert Martinez.md,"['overseeing financial operations', 'robert martinez', 'intellectual property', 'hereinafter referred', 'strong', 'overseeing financial', 'health insurance', 'employment contract', 'contract outlines', 'employee']","['# # employee', 'robert martinez\\r\\n- <', 'finance manager\\r\\n- <', '# #', '# employment', '<', 'work hours:</strong', 'health insurance', 'financial operations', 'employment']","['# employee information:\\r\\n- < strong', 'robert martinez\\r\\n- < strong', 'company-owned\\r\\n- < strong', 'reporting.\\r\\n- < strong', 'strong', ""b'\\r\\n # employment contract\\r\\n\\r\\n"", 'employee name:</strong', '# terms', 'employee', 'intellectual property rights:</strong']","['strong', 'employer', 'employee', 'employment contract', 'hereinafter', 'july', 'terms', 'compliance', 'conditions', 'robert martinez']","['robert martinez\\r\\n- <', 'employee name:</strong', '# terms', 'company-owned\\r\\n- <', 'reporting.\\r\\n- <', 'employee', 'employment contract', 'employment', 'intellectual property rights:</strong', 'finance manager\\r\\n-']","['strong', 'employer', 'employee', 'employment contract', 'hereinafter', 'compliance', 'july', 'terms', 'conditions', 'instagram']"
employee_contract_Sarah Wilson.md,"['managing employee relations', 'sarah wilson', 'intellectual property', 'managing employee', 'hereinafter referred', 'strong', 'health insurance', 'employment contract', 'employee relations', 'employee']","['# # employee information:\\r\\n- <', 'human resources\\r\\n\\r\\n # #', 'hr specialist\\r\\n- <', '# employment', '<', 'work hours:</strong', 'health insurance', 'employment', 'employee', 'property']","['# employee information:\\r\\n- < strong', 'company-owned\\r\\n- < strong', 'recruitment.\\r\\n- < strong', 'strong', ""b'\\r\\n # employment contract\\r\\n\\r\\n"", 'employee relations', '# terms', 'employee', 'intellectual property rights:</strong', 'employment contract']","['employee', 'strong', 'employer', 'employment contract', 'hereinafter', 'june', 'terms', 'compliance', 'conditions', 'sarah wilson']","['# terms', 'employee relations', 'employee', 'company-owned\\r\\n- <', 'employment contract', 'recruitment.\\r\\n- <', 'sarah wilson\\r\\n-', 'employment', 'intellectual property rights:</strong', 'sarah wilson']","['employee', 'strong', 'employer', 'employment contract', 'hereinafter', 'june', 'compliance', 'terms', 'conditions', 'instagram']"
employee_contract_Sophia Garcia.md,"['providing legal advice', 'sophia garcia', 'intellectual property', 'providing legal', 'hereinafter referred', 'strong', 'health insurance', 'employment contract', 'legal advice', 'contract outlines']","['sophia garcia\\r\\n- <', '# #', '# employment', 'information:\\r\\n- <', '<', 'confidentiality agreement:</strong', 'termination conditions:</strong', 'work hours:</strong', 'health insurance', 'employment']","['# employee information:\\r\\n- < strong', 'sophia garcia\\r\\n- < strong', 'company-owned\\r\\n- < strong', 'company.\\r\\n- < strong', 'strong', ""b'\\r\\n # employment contract\\r\\n\\r\\n"", '# terms', 'intellectual property rights:</strong', 'employment contract', 'employee']","['strong', 'employee', 'employer', 'employment contract', 'hereinafter', 'november', 'terms', 'compliance', 'conditions', 'sophia garcia']","['sophia garcia\\r\\n- <', '# terms', 'company-owned\\r\\n- <', 'company.\\r\\n- <', 'employee', 'employment contract', 'employment', 'legal counsel\\r\\n-', 'intellectual property rights:</strong', 'legal advice']","['strong', 'employee', 'employer', 'employment contract', 'hereinafter', 'compliance', 'november', 'terms', 'conditions', 'instagram']"
employee_contract_William Anderson.md,"['customer support', 'william anderson', 'intellectual property', 'hereinafter referred', 'strong', 'assisting customers', 'health insurance', 'employment contract', 'contract outlines', 'employee']","['customer support\\r\\n\\r\\n # #', '# #', 'william anderson\\r\\n- <', '# employment', 'customer support', 'work hours:</strong', 'health insurance', 'product inquiries', '<', 'employment']","['# employee information:\\r\\n- < strong', 'william anderson\\r\\n- < strong', 'company-owned\\r\\n- < strong', 'customer support\\r\\n\\r\\n # # terms', 'strong', ""b'\\r\\n # employment contract\\r\\n\\r\\n"", 'customer support specialist\\r\\n-', 'intellectual property rights:</strong', 'employment contract', 'employee']","['strong', 'employee', 'employer', 'employment contract', 'hereinafter', 'september', 'terms', 'compliance', 'conditions', 'william anderson']","['william anderson\\r\\n- <', 'customer support specialist\\r\\n-', 'company-owned\\r\\n- <', 'employee', 'employment contract', 'employment', 'intellectual property rights:</strong', 'william anderson', 'terms', 'company policies:</strong']","['strong', 'employee', 'employer', 'employment contract', 'hereinafter', 'compliance', 'september', 'terms', 'conditions', 'instagram']"
employee_contract_Zoe Lee.md,"['ensuring customer satisfaction', 'zoe lee', 'customer success', 'ensuring customer', 'intellectual property', 'hereinafter referred', 'strong', 'customer satisfaction', 'health insurance', 'employment contract']","['zoe lee\\r\\n- <', '# #', '# employment', 'information:\\r\\n- <', 'customer success', '<', 'termination conditions:</strong', 'work hours:</strong', 'health insurance', 'customer']","['# employee information:\\r\\n- < strong', 'zoe lee\\r\\n- < strong', 'company-owned\\r\\n- < strong', 'retention.\\r\\n- < strong', 'strong', ""b'\\r\\n # employment contract\\r\\n\\r\\n"", 'customer success manager\\r\\n-', '# terms', 'intellectual property rights:</strong', 'employment contract']","['strong', 'employer', 'employee', 'hereinafter', 'employment contract', 'terms', 'compliance', 'conditions', 'zoe lee', 'retirement']","['zoe lee\\r\\n- <', '# terms', 'company-owned\\r\\n- <', 'retention.\\r\\n- <', 'customer success manager\\r\\n-', 'employee', 'employment contract', 'customer success\\r\\n\\r\\n', 'employment', 'customer satisfaction']","['strong', 'employer', 'employee', 'hereinafter', 'employment contract', 'compliance', 'terms', 'conditions', 'instagram', 'zoe lee']"
employee_esop_Ava Thomas.md,"['employee stock ownership', 'stock ownership plan', 'employee stock', 'stock ownership', 'ava thomas', 'voting rights', 'ownership plan', 'hereinafter referred', 'esop details', 'fair market']","['# # employee information:\\r\\n- <', '# employee stock ownership', 'employee stock ownership', '# # esop', 'full-time employment\\r\\n- <', 'administrative assistant\\r\\n- <', 'vesting schedule:</strong', 'employee', 'ownership', 'market']","['# employee information:\\r\\n- < strong', ""b'\\r\\n # employee stock ownership plan"", 'entitlement\\r\\n\\r\\nthis employee stock ownership plan', 'strong', '# esop details:\\r\\n-', 'employee', 'voting rights', 'fair market value\\r\\n-', 'ownership interest', 'valuation methods:</strong']","['employee', 'strong', 'rights', 'hereinafter', 'allocation', 'esop', 'ownership interest', 'eligibility criteria', 'schedule', 'shares']","['# esop details:\\r\\n-', 'employee', 'ownership interest', 'voting rights', 'plan', 'ava thomas\\r\\n-', 'fair market value\\r\\n-', 'rights', 'ava thomas', 'esop']","['employee', 'strong', 'rights', 'hereinafter', 'allocation', 'esop', 'ownership interest', 'eligibility criteria', 'schedule', 'responsibilities']"
employee_esop_David Lee.md,"['employee stock ownership', 'stock ownership plan', 'employee stock', 'stock ownership', 'david lee', 'voting rights', 'ownership plan', 'hereinafter referred', 'esop details', 'fair market']","['# # employee information:\\r\\n- <', '# employee stock ownership', 'employee stock ownership', '# # esop', 'full-time employment\\r\\n- <', 'vesting schedule:</strong', 'employee', 'ownership', 'market', 'valuation']","['# employee information:\\r\\n- < strong', ""b'\\r\\n # employee stock ownership plan"", 'entitlement\\r\\n\\r\\nthis employee stock ownership plan', 'strong', '# esop details:\\r\\n-', 'employee', 'voting rights', 'fair market value\\r\\n-', 'ownership interest', 'valuation methods:</strong']","['employee', 'strong', 'rights', 'hereinafter', 'allocation', 'esop', 'ownership interest', 'eligibility criteria', 'schedule', 'shares']","['# esop details:\\r\\n-', 'employee', 'ownership interest', 'voting rights', 'plan', 'david lee\\r\\n-', 'data analyst\\r\\n-', 'data analytics\\r\\n\\r\\n', 'fair market value\\r\\n-', 'rights']","['employee', 'strong', 'rights', 'hereinafter', 'allocation', 'esop', 'ownership interest', 'eligibility criteria', 'responsibilities', 'schedule']"
employee_esop_Emily Brown.md,"['employee stock ownership', 'stock ownership plan', 'employee stock', 'stock ownership', 'emily brown', 'voting rights', 'ownership plan', 'hereinafter referred', 'esop details', 'fair market']","['# # employee information:\\r\\n- <', '# employee stock ownership', 'employee stock ownership', '# # esop', 'ux designer\\r\\n- <', 'vesting schedule:</strong', 'employee', 'ownership', 'market', 'valuation']","['# employee information:\\r\\n- < strong', ""b'\\r\\n # employee stock ownership plan"", 'entitlement\\r\\n\\r\\nthis employee stock ownership plan', 'strong', '# esop details:\\r\\n-', 'employee', 'voting rights', 'fair market value\\r\\n-', 'ownership interest', 'valuation methods:</strong']","['employee', 'strong', 'rights', 'hereinafter', 'allocation', 'esop', 'ownership interest', 'eligibility criteria', 'schedule', 'shares']","['# esop details:\\r\\n-', 'employee', 'ownership interest', 'voting rights', 'plan', 'emily brown\\r\\n-', 'fair market value\\r\\n-', 'rights', 'emily brown', 'valuation methods:</strong']","['employee', 'strong', 'rights', 'hereinafter', 'allocation', 'esop', 'ownership interest', 'eligibility criteria', 'schedule', 'responsibilities']"
employee_esop_Ethan Rodriguez.md,"['employee stock ownership', 'stock ownership plan', 'employee stock', 'stock ownership', 'ethan rodriguez', 'voting rights', 'ownership plan', 'hereinafter referred', 'esop details', 'fair market']","['# # employee information:\\r\\n- <', '# employee stock ownership', 'employee stock ownership', '# # esop', 'full-time employment\\r\\n- <', 'vesting schedule:</strong', 'employee', 'ownership', 'market', 'valuation']","['# employee information:\\r\\n- < strong', ""b'\\r\\n # employee stock ownership plan"", 'entitlement\\r\\n\\r\\nthis employee stock ownership plan', 'strong', '# esop details:\\r\\n-', 'employee', 'voting rights', 'fair market value\\r\\n-', 'ownership interest', 'valuation methods:</strong']","['employee', 'strong', 'rights', 'hereinafter', 'allocation', 'esop', 'ownership interest', 'eligibility criteria', 'schedule', 'shares']","['# esop details:\\r\\n-', 'employee', 'ownership interest', 'voting rights', 'plan', 'ethan rodriguez\\r\\n-', 'fair market value\\r\\n-', 'rights', 'ethan rodriguez', 'valuation methods:</strong']","['employee', 'strong', 'rights', 'hereinafter', 'allocation', 'esop', 'ownership interest', 'eligibility criteria', 'schedule', 'responsibilities']"
employee_esop_Eva Kim.md,"['employee stock ownership', 'stock ownership plan', 'employee stock', 'stock ownership', 'eva kim', 'voting rights', 'ownership plan', 'hereinafter referred', 'esop details', 'fair market']","['# # employee information:\\r\\n- <', '# employee stock ownership', 'employee stock ownership', '# # esop', 'full-time employment\\r\\n- <', 'employee', 'vesting schedule:</strong', 'ownership', 'market', 'valuation']","['# employee information:\\r\\n- < strong', ""b'\\r\\n # employee stock ownership plan"", 'entitlement\\r\\n\\r\\nthis employee stock ownership plan', 'strong', '# esop details:\\r\\n-', 'employee name:</strong', 'employee', 'voting rights', 'fair market value\\r\\n-', 'ownership interest']","['employee', 'rights', 'strong', 'hereinafter', 'allocation', 'esop', 'ownership interest', 'eligibility criteria', 'schedule', 'shares']","['# esop details:\\r\\n-', 'employee name:</strong', 'employee', 'ownership interest', 'voting rights', 'eva kim\\r\\n-', 'plan', 'content moderator\\r\\n-', 'content moderation\\r\\n\\r\\n', 'fair market value\\r\\n-']","['employee', 'strong', 'rights', 'hereinafter', 'allocation', 'esop', 'ownership interest', 'eligibility criteria', 'schedule', 'responsibilities']"
employee_esop_Jane Smith.md,"['employee stock ownership', 'stock ownership plan', 'employee stock', 'stock ownership', 'jane smith', 'voting rights', 'ownership plan', 'hereinafter referred', 'esop details', 'fair market']","['# # employee information:\\r\\n- <', '# employee stock ownership', 'employee stock ownership', '# # esop', 'marketing specialist\\r\\n- <', 'vesting schedule:</strong', 'employee', 'ownership', 'market', 'valuation']","['# employee information:\\r\\n- < strong', ""b'\\r\\n # employee stock ownership plan"", 'entitlement\\r\\n\\r\\nthis employee stock ownership plan', 'strong', '# esop details:\\r\\n-', 'employee', 'voting rights', 'fair market value\\r\\n-', 'ownership interest', 'valuation methods:</strong']","['employee', 'strong', 'rights', 'hereinafter', 'allocation', 'esop', 'ownership interest', 'eligibility criteria', 'schedule', 'shares']","['# esop details:\\r\\n-', 'employee', 'ownership interest', 'voting rights', 'plan', 'jane smith\\r\\n-', 'fair market value\\r\\n-', 'rights', 'jane smith', 'valuation methods:</strong']","['employee', 'strong', 'rights', 'hereinafter', 'allocation', 'esop', 'ownership interest', 'eligibility criteria', 'schedule', 'responsibilities']"
employee_esop_John Doe.md,"['employee stock ownership', 'stock ownership plan', 'employee stock', 'stock ownership', 'john doe', 'voting rights', 'ownership plan', 'hereinafter referred', 'esop details', 'fair market']","['# # employee information:\\r\\n- <', '# employee stock ownership', 'employee stock ownership', '# # esop', 'software engineer\\r\\n- <', 'vesting schedule:</strong', 'employee', 'ownership', 'market', 'valuation']","['# employee information:\\r\\n- < strong', ""b'\\r\\n # employee stock ownership plan"", 'entitlement\\r\\n\\r\\nthis employee stock ownership plan', 'strong', '# esop details:\\r\\n-', 'employee', 'voting rights', 'fair market value\\r\\n-', 'ownership interest', 'valuation methods:</strong']","['employee', 'strong', 'rights', 'hereinafter', 'allocation', 'esop', 'ownership interest', 'eligibility criteria', 'schedule', 'shares']","['# esop details:\\r\\n-', 'employee', 'ownership interest', 'voting rights', 'plan', 'john doe\\r\\n-', 'fair market value\\r\\n-', 'rights', 'john doe', 'valuation methods:</strong']","['employee', 'strong', 'rights', 'hereinafter', 'allocation', 'esop', 'ownership interest', 'eligibility criteria', 'schedule', 'responsibilities']"
employee_esop_Leo Kim.md,"['employee stock ownership', 'stock ownership plan', 'employee stock', 'stock ownership', 'leo kim', 'voting rights', 'ownership plan', 'hereinafter referred', 'esop details', 'fair market']","['# # employee information:\\r\\n- <', '# employee stock ownership', 'employee stock ownership', '# # esop', 'full-time employment\\r\\n- <', 'vesting schedule:</strong', 'employee', 'ownership', 'market', 'valuation']","['# employee information:\\r\\n- < strong', ""b'\\r\\n # employee stock ownership plan"", 'entitlement\\r\\n\\r\\nthis employee stock ownership plan', 'strong', '# esop details:\\r\\n-', 'employee', 'voting rights', 'fair market value\\r\\n-', 'ownership interest', 'valuation methods:</strong']","['employee', 'strong', 'rights', 'hereinafter', 'allocation', 'esop', 'ownership interest', 'eligibility criteria', 'schedule', 'shares']","['# esop details:\\r\\n-', 'employee', 'ownership interest', 'voting rights', 'plan', 'leo kim\\r\\n-', 'data scientist\\r\\n-', 'data science\\r\\n\\r\\n', 'fair market value\\r\\n-', 'rights']","['employee', 'strong', 'rights', 'hereinafter', 'allocation', 'esop', 'ownership interest', 'eligibility criteria', 'schedule', 'responsibilities']"
employee_esop_Liam Kim.md,"['employee stock ownership', 'stock ownership plan', 'employee stock', 'stock ownership', 'liam kim', 'voting rights', 'ownership plan', 'hereinafter referred', 'esop details', 'fair market']","['# # employee information:\\r\\n- <', '# employee stock ownership', 'employee stock ownership', '# # esop', 'data engineer\\r\\n- <', 'vesting schedule:</strong', 'employee', 'ownership', 'market', 'valuation']","['# employee information:\\r\\n- < strong', ""b'\\r\\n # employee stock ownership plan"", 'entitlement\\r\\n\\r\\nthis employee stock ownership plan', 'strong', '# esop details:\\r\\n-', 'employee', 'voting rights', 'fair market value\\r\\n-', 'ownership interest', 'valuation methods:</strong']","['employee', 'strong', 'rights', 'allocation', 'hereinafter', 'esop', 'ownership interest', 'eligibility criteria', 'schedule', 'shares']","['# esop details:\\r\\n-', 'employee', 'ownership interest', 'voting rights', 'plan', 'liam kim\\r\\n-', 'data engineer\\r\\n-', 'fair market value\\r\\n-', 'rights', 'liam kim']","['employee', 'strong', 'rights', 'allocation', 'hereinafter', 'esop', 'ownership interest', 'eligibility criteria', 'schedule', 'responsibilities']"
employee_esop_Lucas Martinez.md,"['employee stock ownership', 'stock ownership plan', 'employee stock', 'stock ownership', 'quality assurance', 'lucas martinez', 'voting rights', 'ownership plan', 'hereinafter referred', 'esop details']","['# # employee', '# # esop', 'lucas martinez\\r\\n- <', 'full-time employment\\r\\n- <', '# employee', 'employee', 'quality assurance', 'vesting schedule:</strong', '<', 'ownership']","['# employee information:\\r\\n- < strong', ""b'\\r\\n # employee stock ownership plan"", 'quality assurance specialist\\r\\n- < strong', 'lucas martinez\\r\\n- < strong', 'entitlement\\r\\n\\r\\nthis employee stock ownership plan', 'strong', '# esop details:\\r\\n-', 'employee name:</strong', 'employee', 'voting rights']","['employee', 'rights', 'strong', 'hereinafter', 'allocation', 'esop', 'ownership interest', 'eligibility criteria', 'schedule', 'shares']","['# esop details:\\r\\n-', 'lucas martinez\\r\\n- <', 'employee name:</strong', 'employee', 'ownership interest', 'quality assurance\\r\\n\\r\\n', 'voting rights', 'plan', 'lucas martinez', 'fair market value\\r\\n-']","['employee', 'rights', 'strong', 'hereinafter', 'allocation', 'esop', 'ownership interest', 'eligibility criteria', 'schedule', 'responsibilities']"
employee_esop_Luna Nguyen.md,"['employee stock ownership', 'stock ownership plan', 'employee stock', 'stock ownership', 'luna nguyen', 'voting rights', 'ownership plan', 'hereinafter referred', 'esop details', 'fair market']","['# employee stock ownership', '# # employee', 'employee stock ownership', '# # esop', 'luna nguyen\\r\\n- <', 'full-time employment\\r\\n- <', 'vesting schedule:</strong', 'employee', 'ownership', '<']","['# employee information:\\r\\n- < strong', ""b'\\r\\n # employee stock ownership plan"", 'entitlement\\r\\n\\r\\nthis employee stock ownership plan', 'luna nguyen\\r\\n- < strong', 'strong', '# esop details:\\r\\n-', 'employee', 'voting rights', 'fair market value\\r\\n-', 'ownership interest']","['employee', 'rights', 'strong', 'hereinafter', 'allocation', 'esop', 'ownership interest', 'eligibility criteria', 'schedule', 'shares']","['# esop details:\\r\\n-', 'employee', 'luna nguyen\\r\\n- <', 'ownership interest', 'voting rights', 'plan', 'content creator\\r\\n-', 'content creation\\r\\n\\r\\n', 'fair market value\\r\\n-', 'rights']","['employee', 'rights', 'strong', 'hereinafter', 'allocation', 'esop', 'ownership interest', 'eligibility criteria', 'schedule', 'responsibilities']"
employee_esop_Max Nguyen.md,"['employee stock ownership', 'stock ownership plan', 'employee stock', 'stock ownership', 'max nguyen', 'voting rights', 'ownership plan', 'hereinafter referred', 'esop details', 'fair market']","['# employee stock ownership', '# # employee', 'employee stock ownership', '# # esop', 'max nguyen\\r\\n- <', 'full-time employment\\r\\n- <', 'developer\\r\\n- <', 'vesting schedule:</strong', '<', 'employee']","['# employee information:\\r\\n- < strong', ""b'\\r\\n # employee stock ownership plan"", 'max nguyen\\r\\n- < strong', 'entitlement\\r\\n\\r\\nthis employee stock ownership plan', 'software developer\\r\\n- < strong', 'strong', '# esop details:\\r\\n-', 'voting rights', 'employee', 'fair market value\\r\\n-']","['employee', 'rights', 'strong', 'hereinafter', 'allocation', 'esop', 'ownership interest', 'eligibility criteria', 'schedule', 'shares']","['# esop details:\\r\\n-', 'max nguyen\\r\\n- <', 'software developer\\r\\n- <', 'employee', 'ownership interest', 'voting rights', 'plan', 'fair market value\\r\\n-', 'rights', 'max nguyen']","['employee', 'rights', 'strong', 'hereinafter', 'allocation', 'esop', 'ownership interest', 'eligibility criteria', 'schedule', 'responsibilities']"
employee_esop_Mia Hernandez.md,"['employee stock ownership', 'stock ownership plan', 'employee stock', 'stock ownership', 'public relations', 'mia hernandez', 'voting rights', 'ownership plan', 'hereinafter referred', 'esop details']","['# # employee information:\\r\\n- <', '# employee stock ownership', 'employee stock ownership', '# # esop', 'full-time employment\\r\\n- <', 'employee', 'vesting schedule:</strong', 'ownership', 'market', 'valuation']","['# employee information:\\r\\n- < strong', ""b'\\r\\n # employee stock ownership plan"", 'entitlement\\r\\n\\r\\nthis employee stock ownership plan', 'strong', '# esop details:\\r\\n-', 'employee name:</strong', 'employee', 'voting rights', 'public relations manager\\r\\n-', 'fair market value\\r\\n-']","['employee', 'strong', 'rights', 'hereinafter', 'allocation', 'esop', 'ownership interest', 'eligibility criteria', 'schedule', 'shares']","['# esop details:\\r\\n-', 'employee name:</strong', 'employee', 'public relations manager\\r\\n-', 'ownership interest', 'voting rights', 'mia hernandez\\r\\n-', 'plan', 'fair market value\\r\\n-', 'mia hernandez']","['employee', 'strong', 'rights', 'hereinafter', 'allocation', 'esop', 'ownership interest', 'eligibility criteria', 'schedule', 'responsibilities']"
employee_esop_Michael Johnson.md,"['employee stock ownership', 'stock ownership plan', 'employee stock', 'stock ownership', 'michael johnson', 'voting rights', 'ownership plan', 'hereinafter referred', 'esop details', 'fair market']","['# # employee information:\\r\\n- <', '# employee stock ownership', 'employee stock ownership', '# # esop', 'full-time employment\\r\\n- <', 'vesting schedule:</strong', 'employee', 'ownership', 'market', 'valuation']","['# employee information:\\r\\n- < strong', ""b'\\r\\n # employee stock ownership plan"", 'entitlement\\r\\n\\r\\nthis employee stock ownership plan', 'strong', '# esop details:\\r\\n-', 'employee', 'voting rights', 'fair market value\\r\\n-', 'ownership interest', 'valuation methods:</strong']","['employee', 'strong', 'rights', 'hereinafter', 'allocation', 'esop', 'ownership interest', 'eligibility criteria', 'schedule', 'shares']","['# esop details:\\r\\n-', 'employee', 'ownership interest', 'voting rights', 'plan', 'michael johnson\\r\\n-', 'product manager\\r\\n-', 'product management\\r\\n\\r\\n', 'fair market value\\r\\n-', 'rights']","['employee', 'strong', 'rights', 'hereinafter', 'allocation', 'esop', 'ownership interest', 'eligibility criteria', 'schedule', 'responsibilities']"
employee_esop_Mila Lee.md,"['employee stock ownership', 'stock ownership plan', 'employee stock', 'stock ownership', 'mila lee', 'voting rights', 'ownership plan', 'hereinafter referred', 'esop details', 'fair market']","['# # employee information:\\r\\n- <', '# employee stock ownership', 'employee stock ownership', '# # esop', 'product designer\\r\\n- <', 'vesting schedule:</strong', 'employee', 'ownership', 'market', 'valuation']","['# employee information:\\r\\n- < strong', ""b'\\r\\n # employee stock ownership plan"", 'entitlement\\r\\n\\r\\nthis employee stock ownership plan', 'strong', '# esop details:\\r\\n-', 'employee', 'voting rights', 'fair market value\\r\\n-', 'ownership interest', 'valuation methods:</strong']","['employee', 'strong', 'rights', 'hereinafter', 'allocation', 'esop', 'ownership interest', 'eligibility criteria', 'schedule', 'shares']","['# esop details:\\r\\n-', 'employee', 'ownership interest', 'voting rights', 'plan', 'mila lee\\r\\n-', 'fair market value\\r\\n-', 'rights', 'mila lee', 'valuation methods:</strong']","['employee', 'strong', 'rights', 'hereinafter', 'allocation', 'esop', 'ownership interest', 'eligibility criteria', 'schedule', 'responsibilities']"
employee_esop_Olivia Taylor.md,"['employee stock ownership', 'stock ownership plan', 'employee stock', 'stock ownership', 'olivia taylor', 'voting rights', 'ownership plan', 'hereinafter referred', 'esop details', 'fair market']","['# # employee information:\\r\\n- <', '# employee stock ownership', 'employee stock ownership', '# # esop', 'sales manager\\r\\n- <', 'vesting schedule:</strong', 'employee', 'ownership', 'market', 'valuation']","['# employee information:\\r\\n- < strong', ""b'\\r\\n # employee stock ownership plan"", 'entitlement\\r\\n\\r\\nthis employee stock ownership plan', 'strong', '# esop details:\\r\\n-', 'employee', 'voting rights', 'fair market value\\r\\n-', 'ownership interest', 'valuation methods:</strong']","['employee', 'strong', 'rights', 'hereinafter', 'allocation', 'esop', 'ownership interest', 'eligibility criteria', 'schedule', 'shares']","['# esop details:\\r\\n-', 'employee', 'ownership interest', 'voting rights', 'plan', 'olivia taylor\\r\\n-', 'fair market value\\r\\n-', 'rights', 'esop', 'olivia taylor']","['employee', 'strong', 'rights', 'hereinafter', 'allocation', 'esop', 'ownership interest', 'eligibility criteria', 'schedule', 'responsibilities']"
employee_esop_Robert Martinez.md,"['employee stock ownership', 'stock ownership plan', 'employee stock', 'stock ownership', 'robert martinez', 'voting rights', 'ownership plan', 'hereinafter referred', 'esop details', 'fair market']","['# employee stock ownership', '# # employee', 'employee stock ownership', '# # esop', 'robert martinez\\r\\n- <', 'full-time employment\\r\\n- <', 'finance manager\\r\\n- <', 'employee', 'vesting schedule:</strong', 'ownership']","['# employee information:\\r\\n- < strong', ""b'\\r\\n # employee stock ownership plan"", 'entitlement\\r\\n\\r\\nthis employee stock ownership plan', 'robert martinez\\r\\n- < strong', 'strong', '# esop details:\\r\\n-', 'employee name:</strong', 'employee', 'voting rights', 'fair market value\\r\\n-']","['employee', 'rights', 'strong', 'hereinafter', 'allocation', 'esop', 'ownership interest', 'eligibility criteria', 'schedule', 'shares']","['# esop details:\\r\\n-', 'employee name:</strong', 'robert martinez\\r\\n- <', 'employee', 'ownership interest', 'voting rights', 'plan', 'fair market value\\r\\n-', 'robert martinez', 'finance manager\\r\\n-']","['employee', 'rights', 'strong', 'hereinafter', 'allocation', 'esop', 'ownership interest', 'eligibility criteria', 'schedule', 'responsibilities']"
employee_esop_Sarah Wilson.md,"['employee stock ownership', 'stock ownership plan', 'employee stock', 'stock ownership', 'sarah wilson', 'voting rights', 'ownership plan', 'hereinafter referred', 'esop details', 'fair market']","['# # employee information:\\r\\n- <', 'human resources\\r\\n\\r\\n # # esop', '# employee stock ownership', 'employee stock ownership', 'hr specialist\\r\\n- <', 'vesting schedule:</strong', 'employee', 'ownership', 'market', 'valuation']","['# employee information:\\r\\n- < strong', ""b'\\r\\n # employee stock ownership plan"", 'entitlement\\r\\n\\r\\nthis employee stock ownership plan', 'strong', '# esop details:\\r\\n-', 'employee', 'voting rights', 'fair market value\\r\\n-', 'ownership interest', 'valuation methods:</strong']","['employee', 'strong', 'rights', 'hereinafter', 'allocation', 'esop', 'ownership interest', 'eligibility criteria', 'schedule', 'shares']","['# esop details:\\r\\n-', 'employee', 'ownership interest', 'voting rights', 'plan', 'sarah wilson\\r\\n-', 'fair market value\\r\\n-', 'rights', 'esop', 'sarah wilson']","['employee', 'strong', 'rights', 'hereinafter', 'allocation', 'esop', 'ownership interest', 'eligibility criteria', 'schedule', 'responsibilities']"
employee_esop_Sophia Garcia.md,"['employee stock ownership', 'stock ownership plan', 'employee stock', 'stock ownership', 'sophia garcia', 'voting rights', 'ownership plan', 'hereinafter referred', 'esop details', 'fair market']","['# employee stock ownership', '# # employee', 'employee stock ownership', '# # esop', 'sophia garcia\\r\\n- <', 'legal counsel\\r\\n- <', 'vesting schedule:</strong', 'employee', 'ownership', '<']","['# employee information:\\r\\n- < strong', ""b'\\r\\n # employee stock ownership plan"", 'entitlement\\r\\n\\r\\nthis employee stock ownership plan', 'sophia garcia\\r\\n- < strong', 'strong', '# esop details:\\r\\n-', 'employee', 'voting rights', 'fair market value\\r\\n-', 'ownership interest']","['employee', 'rights', 'strong', 'hereinafter', 'allocation', 'esop', 'ownership interest', 'eligibility criteria', 'schedule', 'shares']","['# esop details:\\r\\n-', 'employee', 'sophia garcia\\r\\n- <', 'ownership interest', 'voting rights', 'plan', 'fair market value\\r\\n-', 'rights', 'sophia garcia', 'esop']","['employee', 'rights', 'strong', 'hereinafter', 'allocation', 'esop', 'ownership interest', 'eligibility criteria', 'schedule', 'responsibilities']"
employee_esop_William Anderson.md,"['employee stock ownership', 'stock ownership plan', 'employee stock', 'stock ownership', 'customer support', 'william anderson', 'voting rights', 'ownership plan', 'hereinafter referred', 'esop details']","['# employee stock ownership', '# # employee', 'employee stock ownership', '# # esop', 'william anderson\\r\\n- <', 'full-time employment\\r\\n- <', 'customer support', 'vesting schedule:</strong', 'employee', 'ownership']","['# employee information:\\r\\n- < strong', ""b'\\r\\n # employee stock ownership plan"", 'entitlement\\r\\n\\r\\nthis employee stock ownership plan', 'william anderson\\r\\n- < strong', 'strong', '# esop details:\\r\\n-', 'customer support specialist\\r\\n-', 'voting rights', 'employee', 'fair market value\\r\\n-']","['employee', 'rights', 'strong', 'hereinafter', 'allocation', 'esop', 'ownership interest', 'eligibility criteria', 'schedule', 'shares']","['# esop details:\\r\\n-', 'william anderson\\r\\n- <', 'employee', 'customer support specialist\\r\\n-', 'ownership interest', 'voting rights', 'plan', 'customer support\\r\\n\\r\\n', 'fair market value\\r\\n-', 'rights']","['employee', 'rights', 'strong', 'hereinafter', 'allocation', 'esop', 'ownership interest', 'eligibility criteria', 'schedule', 'responsibilities']"
employee_esop_Zoe Lee.md,"['employee stock ownership', 'stock ownership plan', 'employee stock', 'stock ownership', 'customer success', 'zoe lee', 'voting rights', 'ownership plan', 'hereinafter referred', 'esop details']","['customer success\\r\\n\\r\\n # # esop', '# # employee', '# employee', 'zoe lee\\r\\n- <', 'customer success', 'vesting schedule:</strong', 'employee', 'ownership', '<', 'market']","['# employee information:\\r\\n- < strong', ""b'\\r\\n # employee stock ownership plan"", 'customer success\\r\\n\\r\\n # # esop details:\\r\\n-', 'entitlement\\r\\n\\r\\nthis employee stock ownership plan', 'zoe lee\\r\\n- < strong', 'strong', 'voting rights', 'customer success manager\\r\\n-', 'employee', 'fair market value\\r\\n-']","['employee', 'rights', 'strong', 'hereinafter', 'allocation', 'esop', 'ownership interest', 'eligibility criteria', 'schedule', 'shares']","['zoe lee\\r\\n- <', 'employee', 'customer success manager\\r\\n-', 'ownership interest', 'voting rights', 'plan', 'fair market value\\r\\n-', 'rights', 'zoe lee', 'esop']","['employee', 'rights', 'strong', 'hereinafter', 'allocation', 'esop', 'ownership interest', 'eligibility criteria', 'responsibilities', 'schedule']"
employee_payslip_Ava Thomas.md,"['employee payslip', 'ava thomas', 'strong', 'employee', 'october', 'net pay', 'pay period', 'total', 'ava', 'net']","['# # employee', '# # net', '# # pay', '# #', '# employee', 'net pay', 'administrative assistant\\r\\n- <', 'total deductions:</strong', 'insurance contributions:</strong', 'end date:</strong']","['# employee information:\\r\\n- < strong', '# pay period:\\r\\n- < strong', 'strong', ""b'\\r\\n # employee"", '# net pay:\\r\\n-', 'net pay', '# earnings:\\r\\n-', 'employee id:</strong', 'employee payslip', 'net pay:</strong']","['strong', 'october', 'pay period', 'earnings', 'employee', 'deductions', 'detailed breakdown', 'ava thomas', 'basic']","[""b'\\r\\n # employee"", 'employee id:</strong', 'employee payslip', '# earnings:\\r\\n-', 'employee', '#', 'net pay', 'ava thomas\\r\\n-', 'net pay:</strong', 'total deductions:</strong']","['strong', 'october', 'pay period', 'employee', 'earnings', 'ava thomas', 'deductions', 'detailed breakdown', 'basic', 'employee payslip']"
employee_payslip_David Lee.md,"['employee payslip', 'david lee', 'strong', 'employee', 'net pay', 'pay period', 'total', 'data', 'david', 'net']","['# # employee', '# # net', '# # pay', '# #', '# employee', 'net pay', 'total deductions:</strong', 'insurance contributions:</strong', 'end date:</strong', 'employee']","['# employee information:\\r\\n- < strong', '# pay period:\\r\\n- < strong', 'strong', ""b'\\r\\n # employee"", '# net pay:\\r\\n-', 'net pay', '# earnings:\\r\\n-', 'employee payslip', 'employee id:</strong', 'employee']","['strong', 'pay period', 'earnings', 'employee', 'deductions', 'detailed breakdown', 'basic', 'david lee']","[""b'\\r\\n # employee"", 'employee id:</strong', 'employee payslip', '# earnings:\\r\\n-', 'employee', '#', 'net pay', 'david lee\\r\\n-', 'data analytics\\r\\n\\r\\n', 'data analyst\\r\\n-']","['strong', 'pay period', 'employee', 'earnings', 'david lee', 'deductions', 'basic', 'detailed breakdown', 'employee payslip', 'net pay']"
employee_payslip_Emily Brown.md,"['employee payslip', 'emily brown', 'strong', 'employee', 'april', 'net pay', 'pay period', 'total', 'emily', 'net']","['# # employee', '# # net', '# # pay', '# #', '# employee', 'net pay', 'ux designer\\r\\n- <', 'total deductions:</strong', 'insurance contributions:</strong', 'end date:</strong']","['# employee information:\\r\\n- < strong', '# pay period:\\r\\n- < strong', 'strong', ""b'\\r\\n # employee"", '# net pay:\\r\\n-', 'net pay', '# earnings:\\r\\n-', 'employee id:</strong', 'employee payslip', 'employee']","['strong', 'april', 'pay period', 'earnings', 'employee', 'deductions', 'detailed breakdown', 'emily brown', 'basic']","[""b'\\r\\n # employee"", 'employee id:</strong', 'employee payslip', '# earnings:\\r\\n-', 'employee', '#', 'net pay', 'emily brown\\r\\n-', 'pay period', 'total deductions:</strong']","['strong', 'april', 'pay period', 'employee', 'earnings', 'emily brown', 'deductions', 'detailed breakdown', 'basic', 'employee payslip']"
employee_payslip_Ethan Rodriguez.md,"['employee payslip', 'ethan rodriguez', 'strong', 'employee', 'december', 'net pay', 'pay period', 'total', 'ethan', 'net']","['# # employee', '# # net', '# # pay', '# #', '# employee', 'net pay', 'total deductions:</strong', 'detailed breakdown', 'insurance contributions:</strong', 'end date:</strong']","['# employee information:\\r\\n- < strong', '# pay period:\\r\\n- < strong', 'strong', ""b'\\r\\n # employee"", '# net pay:\\r\\n-', 'net pay', 'employee payslip', 'employee id:</strong', '# earnings:\\r\\n-', 'net pay:</strong']","['strong', 'december', 'pay period', 'earnings', 'employee', 'deductions', 'detailed breakdown', 'ethan rodriguez', 'basic', 'security']","[""b'\\r\\n # employee"", 'employee id:</strong', 'employee payslip', '# earnings:\\r\\n-', 'employee', '#', 'net pay', 'ethan rodriguez\\r\\n-', 'net pay:</strong', 'total deductions:</strong']","['strong', 'december', 'pay period', 'employee', 'earnings', 'ethan rodriguez', 'deductions', 'detailed breakdown', 'basic', 'security']"
employee_payslip_Eva Kim.md,"['employee payslip', 'eva kim', 'strong', 'employee', 'june', 'net pay', 'pay period', 'total', 'content', 'eva']","['# # employee', '# # net', '# # pay', '# employee', '# #', 'net pay', 'total deductions:</strong', 'employee', 'insurance contributions:</strong', 'basic salary:</strong']","['# employee information:\\r\\n- < strong', '# pay period:\\r\\n- < strong', 'strong', ""b'\\r\\n # employee"", '# net pay:\\r\\n-', 'net pay', 'employee name:</strong', '# earnings:\\r\\n-', 'employee id:</strong', 'employee payslip']","['june', 'strong', 'pay period', 'earnings', 'deductions', 'detailed breakdown', 'eva kim', 'employee payslip']","[""b'\\r\\n # employee"", 'employee name:</strong', 'employee id:</strong', 'employee payslip', '# earnings:\\r\\n-', '#', 'net pay', 'eva kim\\r\\n-', 'content moderation\\r\\n\\r\\n', 'content moderator\\r\\n-']","['june', 'strong', 'pay period', 'earnings', 'eva kim', 'deductions', 'detailed breakdown', 'employee payslip', 'net pay']"
employee_payslip_Jane Smith.md,"['employee payslip', 'jane smith', 'strong', 'employee', 'february', 'net pay', 'pay period', 'total', 'jane', 'net']","['# # employee', '# # net', '# # pay', '# #', '# employee', 'net pay', 'marketing specialist\\r\\n- <', 'total deductions:</strong', 'basic salary:</strong', 'end date:</strong']","['# employee information:\\r\\n- < strong', '# pay period:\\r\\n- < strong', 'strong', ""b'\\r\\n # employee"", '# net pay:\\r\\n-', 'net pay', '# earnings:\\r\\n-', 'employee payslip', 'employee id:</strong', 'employee']","['strong', 'february', 'pay period', 'earnings', 'employee', 'deductions', 'detailed breakdown', 'jane smith']","[""b'\\r\\n # employee"", 'employee id:</strong', 'employee payslip', '# earnings:\\r\\n-', 'employee', '#', 'net pay', 'jane smith\\r\\n-', 'jane smith', 'pay period']","['strong', 'february', 'pay period', 'employee', 'earnings', 'jane smith', 'deductions', 'detailed breakdown', 'employee payslip', 'net pay']"
employee_payslip_John Doe.md,"['employee payslip', 'john doe', 'strong', 'employee', 'january', 'net pay', 'pay period', 'total', 'john', 'net']","['# # employee', '# # net', '# # pay', '# #', '# employee', 'net pay', 'software engineer\\r\\n- <', 'total deductions:</strong', 'end date:</strong', 'employee']","['# employee information:\\r\\n- < strong', '# pay period:\\r\\n- < strong', 'strong', ""b'\\r\\n # employee"", '# net pay:\\r\\n-', 'net pay', 'employee id:</strong', 'employee payslip', '# earnings:\\r\\n-', 'employee']","['strong', 'january', 'pay period', 'earnings', 'employee', 'deductions', 'detailed breakdown', 'john doe', 'basic']","[""b'\\r\\n # employee"", 'employee id:</strong', 'employee payslip', '# earnings:\\r\\n-', 'employee', '#', 'net pay', 'john doe\\r\\n-', 'john doe', 'pay period']","['strong', 'january', 'pay period', 'employee', 'earnings', 'john doe', 'deductions', 'detailed breakdown', 'basic', 'employee payslip']"
employee_payslip_Leo Kim.md,"['employee payslip', 'leo kim', 'strong', 'employee', 'april', 'net pay', 'pay period', 'total', 'data', 'leo']","['# # employee', '# # net', '# # pay', '# #', '# employee', 'net pay', 'total deductions:</strong', 'insurance contributions:</strong', 'end date:</strong', 'employee']","['# employee information:\\r\\n- < strong', '# pay period:\\r\\n- < strong', 'strong', ""b'\\r\\n # employee"", '# net pay:\\r\\n-', 'net pay', '# earnings:\\r\\n-', 'employee id:</strong', 'employee payslip', 'employee']","['strong', 'april', 'pay period', 'earnings', 'employee', 'deductions', 'detailed breakdown', 'leo kim', 'basic']","[""b'\\r\\n # employee"", 'employee id:</strong', 'employee payslip', '# earnings:\\r\\n-', 'employee', '#', 'net pay', 'leo kim\\r\\n-', 'data science\\r\\n\\r\\n', 'data scientist\\r\\n-']","['strong', 'april', 'pay period', 'employee', 'earnings', 'leo kim', 'deductions', 'detailed breakdown', 'basic', 'employee payslip']"
employee_payslip_Liam Kim.md,"['employee payslip', 'liam kim', 'strong', 'employee', 'august', 'net pay', 'pay period', 'total', 'data', 'liam']","['# # employee', '# # net', '# # pay', '# #', '# employee', 'net pay', 'data engineer\\r\\n- <', 'total deductions:</strong', 'end date:</strong', 'employee']","['# employee information:\\r\\n- < strong', '# pay period:\\r\\n- < strong', 'strong', ""b'\\r\\n # employee"", '# net pay:\\r\\n-', 'net pay', 'employee id:</strong', 'employee payslip', '# earnings:\\r\\n-', 'employee']","['strong', 'august', 'pay period', 'earnings', 'employee', 'deductions', 'detailed breakdown', 'liam kim', 'basic', 'data']","[""b'\\r\\n # employee"", 'employee id:</strong', 'employee payslip', '# earnings:\\r\\n-', 'employee', '#', 'net pay', 'liam kim\\r\\n-', 'data engineer\\r\\n-', 'liam kim']","['strong', 'august', 'pay period', 'employee', 'earnings', 'liam kim', 'deductions', 'detailed breakdown', 'basic', 'employee payslip']"
employee_payslip_Lucas Martinez.md,"['employee payslip', 'quality assurance', 'lucas martinez', 'strong', 'employee', 'february', 'net pay', 'pay period', 'total', 'quality']","['# # employee', '# # net', '# # pay', '# employee', '# #', 'net pay', 'total deductions:</strong', 'employee', '<', 'quality assurance']","['# employee information:\\r\\n- < strong', '# pay period:\\r\\n- < strong', 'quality assurance specialist\\r\\n- < strong', 'lucas martinez\\r\\n- < strong', 'strong', ""b'\\r\\n # employee"", '# net pay:\\r\\n-', 'net pay', 'employee name:</strong', 'employee id:</strong']","['february', 'strong', 'pay period', 'earnings', 'deductions', 'detailed breakdown', 'lucas martinez', 'employee payslip']","[""b'\\r\\n # employee"", 'lucas martinez\\r\\n- <', 'employee name:</strong', 'employee id:</strong', 'employee payslip', '# earnings:\\r\\n-', '#', 'net pay', 'quality assurance\\r\\n\\r\\n', 'lucas martinez']","['february', 'strong', 'pay period', 'earnings', 'lucas martinez', 'deductions', 'detailed breakdown', 'employee payslip', 'net pay']"
employee_payslip_Luna Nguyen.md,"['employee payslip', 'luna nguyen', 'strong', 'employee', 'march', 'net pay', 'pay period', 'total', 'content', 'luna']","['# # employee', '# # net', '# # pay', '# #', '# employee', 'net pay', 'total deductions:</strong', 'insurance contributions:</strong', 'end date:</strong', 'employee']","['# employee information:\\r\\n- < strong', '# pay period:\\r\\n- < strong', 'strong', ""b'\\r\\n # employee"", '# net pay:\\r\\n-', 'net pay', '# earnings:\\r\\n-', 'employee payslip', 'employee id:</strong', 'net pay:</strong']","['strong', 'march', 'pay period', 'earnings', 'employee', 'deductions', 'detailed breakdown', 'luna nguyen', 'basic']","[""b'\\r\\n # employee"", 'employee id:</strong', 'employee payslip', '# earnings:\\r\\n-', '#', 'employee', 'net pay', 'luna nguyen\\r\\n-', 'content creation\\r\\n\\r\\n', 'net pay:</strong']","['strong', 'march', 'pay period', 'employee', 'earnings', 'luna nguyen', 'deductions', 'detailed breakdown', 'basic', 'employee payslip']"
employee_payslip_Max Nguyen.md,"['employee payslip', 'max nguyen', 'strong', 'employee', 'july', 'net pay', 'pay period', 'total', 'max', 'net']","['# # employee', '# # net', '# # pay', '# #', '# employee', 'net pay', 'developer\\r\\n- <', 'total deductions:</strong', '<', 'insurance contributions:</strong']","['# employee information:\\r\\n- < strong', '# pay period:\\r\\n- < strong', 'max nguyen\\r\\n- < strong', 'software developer\\r\\n- < strong', 'strong', ""b'\\r\\n # employee"", '# net pay:\\r\\n-', 'net pay', 'employee payslip', 'employee id:</strong']","['strong', 'july', 'pay period', 'earnings', 'deductions', 'detailed breakdown', 'employee', 'max nguyen', 'basic']","[""b'\\r\\n # employee"", 'max nguyen\\r\\n- <', 'employee id:</strong', 'software developer\\r\\n- <', 'employee payslip', '# earnings:\\r\\n-', 'employee', '#', 'net pay', 'max nguyen']","['strong', 'july', 'pay period', 'employee', 'earnings', 'max nguyen', 'deductions', 'detailed breakdown', 'basic', 'employee payslip']"
employee_payslip_Mia Hernandez.md,"['employee payslip', 'public relations', 'mia hernandez', 'strong', 'employee', 'january', 'net pay', 'pay period', 'total', 'public']","['# # employee', '# # net', '# # pay', '# employee', '# #', 'net pay', 'total deductions:</strong', 'employee', 'insurance contributions:</strong', 'end date:</strong']","['# employee information:\\r\\n- < strong', '# pay period:\\r\\n- < strong', 'strong', ""b'\\r\\n # employee"", '# net pay:\\r\\n-', 'employee name:</strong', 'net pay', 'employee id:</strong', 'employee payslip', '# earnings:\\r\\n-']","['strong', 'january', 'pay period', 'earnings', 'deductions', 'detailed breakdown', 'mia hernandez', 'basic', 'employee payslip', 'public']","[""b'\\r\\n # employee"", 'employee name:</strong', 'employee id:</strong', 'employee payslip', '# earnings:\\r\\n-', '#', 'net pay', 'public relations manager\\r\\n-', 'mia hernandez\\r\\n-', 'mia hernandez']","['strong', 'january', 'pay period', 'earnings', 'mia hernandez', 'deductions', 'detailed breakdown', 'basic', 'employee payslip', 'net pay']"
employee_payslip_Michael Johnson.md,"['employee payslip', 'michael johnson', 'strong', 'employee', 'march', 'net pay', 'pay period', 'total', 'product', 'michael']","['# # employee', '# # net', '# # pay', '# #', '# employee', 'net pay', 'total deductions:</strong', 'insurance contributions:</strong', 'end date:</strong', 'employee']","['# employee information:\\r\\n- < strong', '# pay period:\\r\\n- < strong', 'strong', ""b'\\r\\n # employee"", '# net pay:\\r\\n-', 'net pay', '# earnings:\\r\\n-', 'employee id:</strong', 'employee payslip', 'employee']","['strong', 'march', 'pay period', 'earnings', 'employee', 'deductions', 'detailed breakdown', 'michael johnson', 'basic']","[""b'\\r\\n # employee"", 'employee id:</strong', 'employee payslip', '# earnings:\\r\\n-', 'employee', '#', 'net pay', 'michael johnson\\r\\n-', 'product management\\r\\n\\r\\n', 'product manager\\r\\n-']","['strong', 'march', 'pay period', 'employee', 'earnings', 'michael johnson', 'deductions', 'detailed breakdown', 'basic', 'employee payslip']"
employee_payslip_Mila Lee.md,"['employee payslip', 'mila lee', 'strong', 'employee', 'september', 'net pay', 'pay period', 'total', 'mila', 'net']","['# # employee', '# # net', '# # pay', '# #', '# employee', 'net pay', 'product designer\\r\\n- <', 'total deductions:</strong', 'insurance contributions:</strong', 'end date:</strong']","['# employee information:\\r\\n- < strong', '# pay period:\\r\\n- < strong', 'strong', ""b'\\r\\n # employee"", '# net pay:\\r\\n-', 'net pay', '# earnings:\\r\\n-', 'employee id:</strong', 'employee payslip', 'employee']","['strong', 'september', 'pay period', 'earnings', 'employee', 'deductions', 'detailed breakdown', 'mila lee', 'basic']","[""b'\\r\\n # employee"", 'employee id:</strong', 'employee payslip', '# earnings:\\r\\n-', 'employee', '#', 'net pay', 'mila lee\\r\\n-', 'pay period', 'mila lee']","['strong', 'september', 'pay period', 'employee', 'earnings', 'mila lee', 'deductions', 'detailed breakdown', 'basic', 'employee payslip']"
employee_payslip_Olivia Taylor.md,"['employee payslip', 'olivia taylor', 'strong', 'employee', 'august', 'net pay', 'pay period', 'total', 'olivia', 'net']","['# # employee', '# # net', '# # pay', '# #', '# employee', 'net pay', 'sales manager\\r\\n- <', 'total deductions:</strong', 'end date:</strong', 'employee']","['# employee information:\\r\\n- < strong', '# pay period:\\r\\n- < strong', 'strong', ""b'\\r\\n # employee"", '# net pay:\\r\\n-', 'net pay', '# earnings:\\r\\n-', 'employee payslip', 'employee id:</strong', 'employee']","['strong', 'august', 'pay period', 'earnings', 'employee', 'deductions', 'detailed breakdown', 'olivia taylor', 'basic']","[""b'\\r\\n # employee"", 'employee id:</strong', 'employee payslip', '# earnings:\\r\\n-', 'employee', '#', 'net pay', 'olivia taylor\\r\\n-', 'pay period', 'olivia taylor']","['strong', 'august', 'pay period', 'employee', 'earnings', 'olivia taylor', 'deductions', 'detailed breakdown', 'basic', 'employee payslip']"
employee_payslip_Robert Martinez.md,"['employee payslip', 'robert martinez', 'strong', 'employee', 'july', 'net pay', 'pay period', 'total', 'robert', 'net']","['# # employee', '# # net', '# # pay', '# employee', '# #', 'finance manager\\r\\n- <', 'net pay', 'total deductions:</strong', 'employee', 'insurance contributions:</strong']","['# employee information:\\r\\n- < strong', '# pay period:\\r\\n- < strong', 'robert martinez\\r\\n- < strong', 'strong', ""b'\\r\\n # employee"", '# net pay:\\r\\n-', 'employee name:</strong', 'employee id:</strong', 'net pay', 'employee payslip']","['strong', 'july', 'pay period', 'earnings', 'deductions', 'detailed breakdown', 'robert martinez', 'basic', 'employee payslip']","[""b'\\r\\n # employee"", 'employee name:</strong', 'robert martinez\\r\\n- <', 'employee id:</strong', 'employee payslip', '# earnings:\\r\\n-', '#', 'net pay', 'robert martinez', 'pay period']","['strong', 'july', 'pay period', 'earnings', 'robert martinez', 'deductions', 'detailed breakdown', 'basic', 'employee payslip', 'net pay']"
employee_payslip_Sarah Wilson.md,"['employee payslip', 'sarah wilson', 'strong', 'employee', 'june', 'net pay', 'pay period', 'total', 'sarah', 'net']","['human resources\\r\\n\\r\\n # # pay', '# # employee', '# # net', '# #', '# employee', 'net pay', 'hr specialist\\r\\n- <', 'total deductions:</strong', 'end date:</strong', 'employee']","['# employee information:\\r\\n- < strong', '# pay period:\\r\\n- < strong', 'strong', ""b'\\r\\n # employee"", '# net pay:\\r\\n-', 'net pay', '# earnings:\\r\\n-', 'employee payslip', 'employee id:</strong', 'employee']","['strong', 'june', 'pay period', 'earnings', 'employee', 'deductions', 'detailed breakdown', 'sarah wilson', 'basic']","[""b'\\r\\n # employee"", 'employee id:</strong', 'employee payslip', '# earnings:\\r\\n-', 'employee', '#', 'net pay', 'sarah wilson\\r\\n-', 'pay period', 'sarah wilson']","['strong', 'june', 'pay period', 'employee', 'earnings', 'sarah wilson', 'deductions', 'detailed breakdown', 'basic', 'employee payslip']"
employee_payslip_Sophia Garcia.md,"['employee payslip', 'sophia garcia', 'strong', 'employee', 'november', 'net pay', 'pay period', 'total', 'sophia', 'net']","['# # employee', '# # net', '# # pay', '# employee', '# #', 'legal counsel\\r\\n- <', 'net pay', 'total deductions:</strong', 'employee', 'insurance contributions:</strong']","['# employee information:\\r\\n- < strong', '# pay period:\\r\\n- < strong', 'sophia garcia\\r\\n- < strong', 'strong', ""b'\\r\\n # employee"", '# net pay:\\r\\n-', '5,458.33\\r\\n\\r\\nthis employee payslip', 'net pay', 'employee id:</strong', '# earnings:\\r\\n-']","['strong', 'november', 'pay period', 'earnings', 'deductions', 'detailed breakdown', 'basic', 'sophia garcia', 'employee']","[""b'\\r\\n # employee"", 'sophia garcia\\r\\n- <', '5,458.33\\r\\n\\r\\nthis employee payslip', 'employee id:</strong', '# earnings:\\r\\n-', 'employee', '#', 'net pay', 'sophia garcia', 'net pay:</strong']","['strong', 'november', 'pay period', 'earnings', 'deductions', 'detailed breakdown', 'sophia garcia', 'basic', 'net pay', 'employee']"
employee_payslip_William Anderson.md,"['employee payslip', 'customer support', 'william anderson', 'strong', 'employee', 'september', 'net pay', 'pay period', 'total', 'customer']","['# # employee', '# # net', '# # pay', '# #', '# employee', 'william anderson\\r\\n- <', 'net pay', 'total deductions:</strong', 'customer support', 'insurance contributions:</strong']","['customer support\\r\\n\\r\\n # # pay period:\\r\\n- < strong', '# employee information:\\r\\n- < strong', 'william anderson\\r\\n- < strong', 'strong', ""b'\\r\\n # employee"", '# net pay:\\r\\n-', '# earnings:\\r\\n-', 'net pay', 'employee payslip', 'employee id:</strong']","['strong', 'september', 'pay period', 'earnings', 'deductions', 'detailed breakdown', 'employee', 'william anderson', 'basic']","[""b'\\r\\n # employee"", 'william anderson\\r\\n- <', '# earnings:\\r\\n-', 'employee id:</strong', '#', 'employee payslip', 'employee', 'net pay', 'customer support specialist\\r\\n-', 'pay period']","['strong', 'september', 'pay period', 'employee', 'earnings', 'william anderson', 'deductions', 'detailed breakdown', 'basic', 'employee payslip']"
employee_payslip_Zoe Lee.md,"['employee payslip', 'customer success', 'zoe lee', 'strong', 'employee', 'net pay', 'pay period', 'total', 'customer', 'zoe']","['# # employee', '# # net', '# # pay', '# #', '# employee', 'net pay', 'total deductions:</strong', 'customer success', 'insurance contributions:</strong', 'end date:</strong']","['customer success\\r\\n\\r\\n # # pay period:\\r\\n- < strong', '# employee information:\\r\\n- < strong', 'strong', ""b'\\r\\n # employee"", '# net pay:\\r\\n-', '# earnings:\\r\\n-', 'net pay', 'employee payslip', 'employee id:</strong', 'customer success manager\\r\\n-']","['strong', 'pay period', 'earnings', 'employee', 'deductions', 'detailed breakdown', 'basic', 'zoe lee']","[""b'\\r\\n # employee"", '# earnings:\\r\\n-', 'employee id:</strong', '#', 'employee payslip', 'employee', 'net pay', 'customer success manager\\r\\n-', 'zoe lee\\r\\n-', 'pay period']","['strong', 'pay period', 'employee', 'earnings', 'zoe lee', 'deductions', 'basic', 'detailed breakdown', 'employee payslip', 'net pay']"
